{
  "meta": {
    "timestamp": "20260530_214024",
    "backend": "cpu",
    "n_runs": 10,
    "n_warmup": 2,
    "jax_version": "0.10.1",
    "devices": [
      "cpu:0"
    ],
    "script": "n10_rigorous_benchmark.py V7"
  },
  "bench_A_proxy_20q": {
    "jax_qsim_20q_proxy": {
      "n_qubits": 20,
      "n_params": 80,
      "compile_s": 6.30295599999954,
      "runs_s": [
        1.0795292999973753,
        1.0692799999960698,
        0.8508739999961108,
        1.323771499999566,
        0.8154744999919785,
        1.2741830000013579,
        0.9135880999965593,
        1.2032559999934165,
        1.111850699991919,
        0.8637248000013642
      ],
      "mean_s": 1.0505531899965717,
      "std_s": 0.1737015920250001,
      "note": "20-qubit proxy circuit; 25q/27q require >32GB RAM on CPU"
    }
  },
  "bench_C_scaling": {
    "4": {
      "n_qubits": 4,
      "n_params": 32,
      "compile_s": 2.6394207999983337,
      "runs_s": [
        0.00046550000843126327,
        0.0003929999948013574,
        0.00025940001069102436,
        0.00013449999096337706,
        0.00010509999992791563,
        8.6499989265576e-05,
        9.969998791348189e-05,
        0.00019380000594537705,
        0.0003603000077418983,
        0.00027289999707136303
      ],
      "mean_s": 0.0002370699992752634,
      "std_s": 0.00012837963752785036
    },
    "5": {
      "n_qubits": 5,
      "n_params": 40,
      "compile_s": 2.594449199998053,
      "runs_s": [
        0.00013970000145491213,
        0.00010380000458098948,
        8.430000161752105e-05,
        6.44000101601705e-05,
        5.18000015290454e-05,
        4.919999628327787e-05,
        4.849999095313251e-05,
        4.7200010158121586e-05,
        4.67000063508749e-05,
        4.600000102072954e-05
      ],
      "mean_s": 6.81600024108775e-05,
      "std_s": 3.011209759132531e-05
    },
    "6": {
      "n_qubits": 6,
      "n_params": 48,
      "compile_s": 2.435820099999546,
      "runs_s": [
        0.00021569999807979912,
        0.00017349999689031392,
        0.00012329999299254268,
        0.0001644000003580004,
        9.189998672809452e-05,
        0.00010679999832063913,
        0.00010220000694971532,
        8.64000030560419e-05,
        8.489999163430184e-05,
        8.960001287050545e-05
      ],
      "mean_s": 0.00012386999878799543,
      "std_s": 4.291740966236621e-05
    },
    "7": {
      "n_qubits": 7,
      "n_params": 56,
      "compile_s": 2.808570100009092,
      "runs_s": [
        0.00043539999751374125,
        0.000258100000792183,
        0.0002201000024797395,
        0.0001900000061141327,
        0.0003188999980920926,
        0.0002471000043442473,
        0.00022900001204106957,
        0.00024199999461416155,
        0.0001790999958757311,
        0.00020850000146310776
      ],
      "mean_s": 0.0002528200013330206,
      "std_s": 7.131825424776448e-05
    },
    "8": {
      "n_qubits": 8,
      "n_params": 64,
      "compile_s": 3.7616992999974173,
      "runs_s": [
        0.0009288000001106411,
        0.000628800000413321,
        0.0004957000055583194,
        0.0003926999925170094,
        0.00028610001027118415,
        0.00036890000046696514,
        0.00045249999675434083,
        0.0003939000016544014,
        0.00047400000039488077,
        0.0005464999994728714
      ],
      "mean_s": 0.0004967900007613934,
      "std_s": 0.0001706398974974942
    },
    "9": {
      "n_qubits": 9,
      "n_params": 72,
      "compile_s": 3.7081921999924816,
      "runs_s": [
        0.00043840000580530614,
        0.00037719999090768397,
        0.0002547999902162701,
        0.00032079999800771475,
        0.00030139999580569565,
        0.0005376000044634566,
        0.0003277999931015074,
        0.00025040000036824495,
        0.0010516000038478523,
        0.0004262000002199784
      ],
      "mean_s": 0.00042861999827437103,
      "std_s": 0.0002242045425437344
    },
    "10": {
      "n_qubits": 10,
      "n_params": 80,
      "compile_s": 4.197568899995531,
      "runs_s": [
        0.0005225999921094626,
        0.0003859999997075647,
        0.000345499996910803,
        0.0002733000001171604,
        0.00030359999800566584,
        0.0002714000002015382,
        0.00029719999292865396,
        0.0005086000019218773,
        0.00036070001078769565,
        0.0003181999927619472
      ],
      "mean_s": 0.00035870999854523686,
      "std_s": 8.580775531344727e-05
    },
    "11": {
      "n_qubits": 11,
      "n_params": 88,
      "compile_s": 5.906438600010006,
      "runs_s": [
        0.0036435000074561685,
        0.0010819000017363578,
        0.0007282000005943701,
        0.0006948999944142997,
        0.0006894999969517812,
        0.0006330000032903627,
        0.0006999000033829361,
        0.0007560999947600067,
        0.000825700000859797,
        0.0010665999870980158
      ],
      "mean_s": 0.0010819299990544097,
      "std_s": 0.0008666082404019187
    },
    "12": {
      "n_qubits": 12,
      "n_params": 96,
      "compile_s": 6.659309399998165,
      "runs_s": [
        0.002625699999043718,
        0.003252700000302866,
        0.0023474000045098364,
        0.0015786000003572553,
        0.0014036999928066507,
        0.0011304999934509397,
        0.0012375000078463927,
        0.0013848999951733276,
        0.0015392999921459705,
        0.0011948000028496608
      ],
      "mean_s": 0.0017695099988486618,
      "std_s": 0.0006826211132593429
    },
    "13": {
      "n_qubits": 13,
      "n_params": 104,
      "compile_s": 6.2385056000057375,
      "runs_s": [
        0.0026668000064091757,
        0.003587699990021065,
        0.0025062000058824196,
        0.00342839999939315,
        0.0022483999928226694,
        0.002152899993234314,
        0.0034611000010045245,
        0.004392800008645281,
        0.003808299996308051,
        0.003521799997542985
      ],
      "mean_s": 0.0031774399991263635,
      "std_s": 0.0007021067699074073
    },
    "14": {
      "n_qubits": 14,
      "n_params": 112,
      "compile_s": 7.309670200003893,
      "runs_s": [
        0.0389461000013398,
        0.024235800010501407,
        0.018631799990544096,
        0.010642100009135902,
        0.027587100004893728,
        0.008965000000898726,
        0.009743999995407648,
        0.009237400008714758,
        0.01634560000093188,
        0.009966700003133155
      ],
      "mean_s": 0.01743016000255011,
      "std_s": 0.009563860876659808
    },
    "15": {
      "n_qubits": 15,
      "n_params": 120,
      "compile_s": 6.168660099996487,
      "runs_s": [
        0.018536700008553453,
        0.02041599999938626,
        0.02085969998734072,
        0.018080299996654503,
        0.021884500005398877,
        0.021115499999723397,
        0.02064839999366086,
        0.018280899996170774,
        0.017266800001380034,
        0.019736400005058385
      ],
      "mean_s": 0.019682519999332727,
      "std_s": 0.001464307843718798
    },
    "16": {
      "n_qubits": 16,
      "n_params": 128,
      "compile_s": 7.339134499998181,
      "runs_s": [
        0.028770200005965307,
        0.030959200012148358,
        0.02945000000181608,
        0.028763900001649745,
        0.027680899991537444,
        0.12251580000156537,
        0.0570265999995172,
        0.08444500000041444,
        0.05435000000579748,
        0.0813200999982655
      ],
      "mean_s": 0.054528170001867694,
      "std_s": 0.030779657975616898
    },
    "17": {
      "n_qubits": 17,
      "n_params": 136,
      "compile_s": 8.629520300004515,
      "runs_s": [
        0.5059182999975746,
        0.3325270999921486,
        0.5770155000063824,
        0.5992325999977766,
        0.39153880000230856,
        0.4662507999892114,
        0.5822407999949064,
        0.4485442999866791,
        0.31771760000265203,
        0.6326896000100533
      ],
      "mean_s": 0.4853675399979693,
      "std_s": 0.10717606437630288
    },
    "18": {
      "n_qubits": 18,