{
  "meta": {
    "timestamp": "20260530_212827",
    "backend": "cpu",
    "n_runs": 10,
    "n_warmup": 2,
    "jax_version": "0.10.1",
    "devices": [
      "cpu:0"
    ]
  },
  "bench_A_25q": {
    "jax_qsim_gpu": {
      "compilation_s": 20.55758040001092,
      "execution_runs": [
        19.22800959998858,
        20.170796299993526,
        22.004779700000654,
        21.00707059999695,
        25.41240289999405,
        22.993652799996198,
        19.02294769999571,
        18.999071899990668,
        19.120807800005423,
        19.65836760000093
      ],
      "mean_s": 20.761790689996268,
      "std_s": 2.023795072566532,
      "n_runs": 10,
      "warmup": 2
    },
    "pennylane_lightning_cpu": {
      "status": "unavailable"
    }
  },
  "bench_B_27q": {
    "jax_qsim_gpu": {
      "compilation_s": 100.10142300000007,
      "execution_runs": [
        160.44507219998923,
        99.22805170000356,
        109.34001200000057,
        83.92306960000133,
        92.56999960000394,
        83.70136079999793,
        92.89766719999898,
        83.94339149999723,
        96.3698149999982,
        94.99356329999864
      ],
      "mean_s": 99.74120028999896,
      "std_s": 21.602285538324047
    },
    "pennylane_lightning_cpu": {
      "status": "unavailable"
    }
  },
  "bench_C_scaling": {
    "4": {
      "gpu_runs_s": [
        0.00010919998749159276,
        0.0003966999938711524,
        0.00023549998877570033,
        0.00025630000163801014,
        0.0001416000013705343,
        0.00010099999781232327,
        9.619999036658555e-05,
        9.580000187270343e-05,
        0.00011369999265298247,
        0.0001669000048423186
      ],
      "gpu_mean_s": 0.00017128999606939033,
      "gpu_std_s": 9.301062779125718e-05,
      "cpu_runs_s": [
        0.00010919998749159276,
        0.0003966999938711524,
        0.00023549998877570033,
        0.00025630000163801014,
        0.0001416000013705343,
        0.00010099999781232327,
        9.619999036658555e-05,
        9.580000187270343e-05,
        0.00011369999265298247,
        0.0001669000048423186
      ],
      "cpu_mean_s": 0.00017128999606939033,
      "cpu_std_s": 9.301062779125718e-05,
      "speedup": 1.0
    },
    "5": {
      "gpu_runs_s": [
        0.00016309999045915902,
        0.00014189998910296708,
        0.00013840000610798597,
        8.890000754036009e-05,
        0.0001264000020455569,
        0.00012689999130088836,
        0.00011209999502170831,
        0.00014289999671746045,
        0.0001402000052621588,
        0.00026169999910052866
      ],
      "gpu_mean_s": 0.00014424999826587737,
      "gpu_std_s": 4.350251037496109e-05,
      "cpu_runs_s": [
        0.00016309999045915902,
        0.00014189998910296708,
        0.00013840000610798597,
        8.890000754036009e-05,
        0.0001264000020455569,
        0.00012689999130088836,
        0.00011209999502170831,
        0.00014289999671746045,
        0.0001402000052621588,
        0.00026169999910052866
      ],
      "cpu_mean_s": 0.00014424999826587737,
      "cpu_std_s": 4.350251037496109e-05,
      "speedup": 1.0
    },
    "6": {
      "gpu_runs_s": [
        0.00017449998995289207,
        0.00012630000128410757,
        0.00011990001075901091,
        0.00012040000001434237,
        0.00012009999772999436,
        0.00011829999857582152,
        0.000119399992399849,
        0.00010350000229664147,
        9.449999197386205e-05,
        0.00012630000128410757
      ],
      "gpu_mean_s": 0.0001223199986270629,
      "gpu_std_s": 1.980337179836123e-05,
      "cpu_runs_s": [
        0.00017449998995289207,
        0.00012630000128410757,
        0.00011990001075901091,
        0.00012040000001434237,
        0.00012009999772999436,
        0.00011829999857582152,
        0.000119399992399849,
        0.00010350000229664147,
        9.449999197386205e-05,
        0.00012630000128410757
      ],
      "cpu_mean_s": 0.0001223199986270629,
      "cpu_std_s": 1.980337179836123e-05,
      "speedup": 1.0
    },
    "7": {
      "gpu_runs_s": [
        0.00041110000165645033,
        0.0003192000003764406,
        0.0003358999965712428,
        0.0002582000015536323,
        0.00029170000925660133,
        0.0003319999959785491,
        0.0003201999934390187,
        0.00034139999479521066,
        0.00024219999613706023,
        0.00031680001120548695
      ],
      "gpu_mean_s": 0.00031687000009696933,
      "gpu_std_s": 4.442960802183674e-05,
      "cpu_runs_s": [
        0.00041110000165645033,
        0.0003192000003764406,
        0.0003358999965712428,
        0.0002582000015536323,
        0.00029170000925660133,
        0.0003319999959785491,
        0.0003201999934390187,
        0.00034139999479521066,
        0.00024219999613706023,
        0.00031680001120548695
      ],
      "cpu_mean_s": 0.00031687000009696933,
      "cpu_std_s": 4.442960802183674e-05,
      "speedup": 1.0
    },
    "8": {
      "gpu_runs_s": [
        0.0006377999961841851,
        0.0003637000045273453,
        0.0003102999908151105,
        0.00032300000020768493,
        0.000367900007404387,
        0.0003186999965691939,
        0.000378099997760728,
        0.00031909999961499125,
        0.00025520000781398267,
        0.0002989000058732927
      ],
      "gpu_mean_s": 0.00035727000067709014,
      "gpu_std_s": 9.971752997507169e-05,
      "cpu_runs_s": [
        0.0006377999961841851,
        0.0003637000045273453,
        0.0003102999908151105,
        0.00032300000020768493,
        0.000367900007404387,
        0.0003186999965691939,
        0.000378099997760728,
        0.00031909999961499125,
        0.00025520000781398267,
        0.0002989000058732927
      ],
      "cpu_mean_s": 0.00035727000067709014,
      "cpu_std_s": 9.971752997507169e-05,
      "speedup": 1.0
    },
    "9": {
      "gpu_runs_s": [
        0.0004852999991271645,
        0.000421799995820038,
        0.0004045999958179891,
        0.00037170000723563135,
        0.0004093000025022775,
        0.00032190000638365746,
        0.0005038999952375889,
        0.00039650000690016896,
        0.000481100010802038,
        0.00037819999852217734
      ],
      "gpu_mean_s": 0.0004174300018348731,
      "gpu_std_s": 5.438872990722315e-05,
      "cpu_runs_s": [
        0.0004852999991271645,
        0.000421799995820038,
        0.0004045999958179891,
        0.00037170000723563135,
        0.0004093000025022775,
        0.00032190000638365746,
        0.0005038999952375889,
        0.00039650000690016896,
        0.000481100010802038,
        0.00037819999852217734
      ],
      "cpu_mean_s": 0.0004174300018348731,
      "cpu_std_s": 5.438872990722315e-05,
      "speedup": 1.0
    },
    "10": {
      "gpu_runs_s": [
        0.00043220000225119293,
        0.0005663000047206879,
        0.0005002000107197091,
        0.0003946000069845468,
        0.0003412000078242272,
        0.00045029999455437064,
        0.0002927000023191795,
        0.0002854999911505729,
        0.0003212000010535121,
        0.0003423000016482547
      ],
      "gpu_mean_s": 0.00039265000232262536,
      "gpu_std_s": 8.852757131759676e-05,
      "cpu_runs_s": [
        0.00043220000225119293,
        0.0005663000047206879,
        0.0005002000107197091,
        0.0003946000069845468,
        0.0003412000078242272,
        0.00045029999455437064,
        0.0002927000023191795,
        0.0002854999911505729,
        0.0003212000010535121,
        0.0003423000016482547
      ],
      "cpu_mean_s": 0.00039265000232262536,
      "cpu_std_s": 8.852757131759676e-05,
      "speedup": 1.0
    },
    "11": {
      "gpu_runs_s": [
        0.0006403000006685033,
        0.0005720000044675544,
        0.000717400005669333,
        0.0006414999952539802,
        0.0005662000039592385,
        0.0005216999998083338,
        0.0006255000043893233,
        0.0005233999982010573,
        0.0006330000032903627,
        0.0006581999914487824
      ],