{
  "experiment": "nisq_benchmark",
  "num_qubits": 8,
  "depth": 4,
  "mean_fidelities": [
    1.014316201210022,
    0.8414859302900731,
    0.6508213163937185,
    0.5228621603781244,
    0.4195699241582656,
    0.31514034075386377,
    0.3298671278027214,
    0.2644102103654623
  ],
  "scaling_qubits": [
    4,
    5,
    6,
    7,
    8,
    9,
    10
  ],
  "scaling_times_ms": [
    222.75704639996547,
    263.03057439999975,
    315.7560981999268,
    368.3425581000847,
    423.5057133999362,
    480.063348800104,
    526.3503146999938
  ]
}