{
  "experiment": "noise_simulation",
  "noise_vals": [
    0.0,
    0.04125000163912773,
    0.08250000327825546,
    0.1237500011920929,
    0.16500000655651093,
    0.20625001192092896,
    0.2475000023841858,
    0.288750022649765,
    0.33000001311302185,
    0.3712500035762787,
    0.4125000238418579,
    0.45375001430511475,
    0.4950000047683716,
    0.5362499952316284,
    0.57750004529953,
    0.6187500357627869,
    0.6600000262260437,
    0.7012500166893005,
    0.7425000071525574,
    0.783750057220459,
    0.8250000476837158,
    0.8662500381469727,
    0.9075000286102295,
    0.9487500190734863,
    0.9900000095367432
  ],
  "trajectory_counts": [
    10,
    100,
    500
  ]
}