{
  "jax_qsim_gpu": {
    "4": {
      "mean": 0.00042285919189453123,
      "std": 0.0006026691552279771
    },
    "5": {
      "mean": 0.0,
      "std": 0.0
    },
    "6": {
      "mean": 0.0,
      "std": 0.0
    },
    "7": {
      "mean": 0.0,
      "std": 0.0
    },
    "8": {
      "mean": 0.0,
      "std": 0.0
    },
    "9": {
      "mean": 0.0,
      "std": 0.0
    },
    "10": {
      "mean": 0.0,
      "std": 0.0
    },
    "11": {
      "mean": 0.0005835056304931641,
      "std": 0.0007198045345264436
    },
    "12": {
      "mean": 0.0008204460144042968,
      "std": 0.0007311780371453036
    },
    "13": {
      "mean": 0.0022286415100097657,
      "std": 0.0010782929282488183
    },
    "14": {
      "mean": 0.003751039505004883,
      "std": 0.004015811499883665
    }
  },
  "pennylane_cpu": {
    "4": {
      "mean": 0.0,
      "std": 0.0
    },
    "5": {
      "mean": 0.0,
      "std": 0.0
    },
    "6": {
      "mean": 0.0,
      "std": 0.0
    },
    "7": {
      "mean": 0.0,
      "std": 0.0
    },
    "8": {
      "mean": 0.0,
      "std": 0.0
    },
    "9": {
      "mean": 0.0,
      "std": 0.0
    },
    "10": {
      "mean": 0.008168983459472656,
      "std": 0.00795186432736531
    },
    "11": {
      "mean": 0.0011889934539794922,
      "std": 0.0006222574371036909
    },
    "12": {
      "mean": 0.003463125228881836,
      "std": 0.0018069486789856813
    },
    "13": {
      "mean": 0.0077037811279296875,
      "std": 0.004294613133889072
    },
    "14": {
      "mean": 0.011942529678344726,
      "std": 0.0046411735235063045
    }
  }
}