{
  "4": {
    "compilation": 1.418867826461792,
    "execution": 0.0017516613006591797
  },
  "5": {
    "compilation": 0.5270023345947266,
    "execution": 0.0007671356201171875
  },
  "6": {
    "compilation": 0.6548211574554443,
    "execution": 0.0014954090118408203
  },
  "7": {
    "compilation": 0.6432812213897705,
    "execution": 0.0004535675048828125
  },
  "8": {
    "compilation": 0.8569960594177246,
    "execution": 0.0015439987182617188
  },
  "9": {
    "compilation": 0.796642541885376,
    "execution": 0.00043807029724121096
  },
  "10": {
    "compilation": 1.0885257720947266,
    "execution": 0.001682138442993164
  },
  "11": {
    "compilation": 1.1242725849151611,
    "execution": 0.000978708267211914
  },
  "12": {
    "compilation": 1.0954885482788086,
    "execution": 0.001805591583251953
  },
  "13": {
    "compilation": 1.5592777729034424,
    "execution": 0.0029083728790283204
  },
  "14": {
    "compilation": 1.4524433612823486,
    "execution": 0.004271554946899414
  },
  "15": {
    "compilation": 1.752049446105957,
    "execution": 0.007467937469482422
  },
  "16": {
    "compilation": 2.32474684715271,
    "execution": 0.012785530090332032
  },
  "17": {
    "compilation": 2.4243063926696777,
    "execution": 0.02591853141784668
  },
  "18": {
    "compilation": 1.8931190967559814,
    "execution": 0.023662710189819337
  },
  "19": {
    "compilation": 2.0014395713806152,
    "execution": 0.049475812911987306
  },
  "20": {
    "compilation": 2.584645986557007,
    "execution": 0.03561005592346191
  },
  "21": {
    "compilation": 3.2610461711883545,
    "execution": 0.07073583602905273
  },
  "22": {
    "compilation": 5.122655153274536,
    "execution": 0.14414310455322266
  }
}